[
    {
        "berichtHead":"Sturtzflut",
        "bild": "0",
        "datum": "01.04.2025",
        "id": "01",
        "kurztext":"Nach Gewitter: Sturtzflut in Frankenberg",
        "artikelText":"Vielerorts tritt Dauerregen mit wechselnder Intensität auf, einzig im Süden bei Frankfurt ist es ein wenig trockener. Dabei werden laut dem DWD Niederschlagsmengen zwischen 35 und 50 Litern pro Quadratmeter erwartet. Bei Gewittern drohe Gefahr durch Blitzschlag und umherfliegende leichte Gegenstände. Autofahrer werden davor gewarnt, überflutete Straßen-Abschnitte zu befahren und gebeten, ihr Verhalten im Straßenverkehr an die herrschenden Verhältnisse anzupassen.",
        "verfasserID":"01200102"
    },
    {
        "berichtHead":"Sturtzflut",
        "bild": "0",
        "datum": "01.04.2025",
        "id": "01",
        "kurztext":"Nach Gewitter: Sturtzflut in Frankenberg",
        "artikelText":"Vielerorts tritt Dauerregen mit wechselnder Intensität auf, einzig im Süden bei Frankfurt ist es ein wenig trockener. Dabei werden laut dem DWD Niederschlagsmengen zwischen 35 und 50 Litern pro Quadratmeter erwartet. Bei Gewittern drohe Gefahr durch Blitzschlag und umherfliegende leichte Gegenstände. Autofahrer werden davor gewarnt, überflutete Straßen-Abschnitte zu befahren und gebeten, ihr Verhalten im Straßenverkehr an die herrschenden Verhältnisse anzupassen.",
        "verfasserID":"01200102"
    },
    {
        "berichtHead":"Sturtzflut",
        "bild": "0",
        "datum": "01.04.2025",
        "id": "01",
        "kurztext":"Nach Gewitter: Sturtzflut in Frankenberg",
        "artikelText":"Vielerorts tritt Dauerregen mit wechselnder Intensität auf, einzig im Süden bei Frankfurt ist es ein wenig trockener. Dabei werden laut dem DWD Niederschlagsmengen zwischen 35 und 50 Litern pro Quadratmeter erwartet. Bei Gewittern drohe Gefahr durch Blitzschlag und umherfliegende leichte Gegenstände. Autofahrer werden davor gewarnt, überflutete Straßen-Abschnitte zu befahren und gebeten, ihr Verhalten im Straßenverkehr an die herrschenden Verhältnisse anzupassen.",
        "verfasserID":"01200102"
    },
    {
        "berichtHead":"Sturtzflut",
        "bild": "0",
        "datum": "01.04.2025",
        "id": "01",
        "kurztext":"Nach Gewitter: Sturtzflut in Frankenberg",
        "artikelText":"Vielerorts tritt Dauerregen mit wechselnder Intensität auf, einzig im Süden bei Frankfurt ist es ein wenig trockener. Dabei werden laut dem DWD Niederschlagsmengen zwischen 35 und 50 Litern pro Quadratmeter erwartet. Bei Gewittern drohe Gefahr durch Blitzschlag und umherfliegende leichte Gegenstände. Autofahrer werden davor gewarnt, überflutete Straßen-Abschnitte zu befahren und gebeten, ihr Verhalten im Straßenverkehr an die herrschenden Verhältnisse anzupassen.",
        "verfasserID":"01200102"
    }
]