{
    "type": "FeatureCollection",
    "features": [
      {
        "type": "Feature",
        "properties": {
          "name": "Berlin-DWD",
          "temp": 19.5
        },
        "geometry": {
          "type": "Point",
          "coordinates": [13.4050, 52.5200]
        }
      },
      {
        "type": "Feature",
        "properties": {
          "name": "München-DWD",
          "temp": 17.2
        },
        "geometry": {
          "type": "Point",
          "coordinates": [11.5819, 48.1351]
        }
      }
    ]
  }
  